TIME(ms),USER_W_INTERVAL(bytes),NAND_W_INTERVAL(bytes),WAF_INTERVAL,USER_W_FROM_START(bytes),NAND_W_FROM_START(bytes),WAF_FROM_START,USER_W_ALL(bytes),NAN_W_ALL(bytes),MEM_TOTAL(bytes),MEM_FREE(bytes),MEM_AVAIL(bytes), 
2025-11-02 20:35:50.966109,2539012632,2539089304,1.0000301975653976,2539012632,2539089304,1.0000301975653976,1190332430704,2277663216984,527789932.0,1756172.0,240139020.0, 
2025-11-02 20:40:51.082836,3070704032,3070734336,1.000009868746608,5609716664,5609823640,1.0000190697688327,1193403134736,2280733951320,527789932.0,1762740.0,240146212.0, 
2025-11-02 20:45:51.202324,2989400312,2994917376,1.0018455420566639,8599116976,8604741016,1.0006540252930267,1196392535048,2283728868696,527789932.0,1749872.0,240133944.0, 
2025-11-02 20:50:51.318650,2327720800,2384305152,1.0243089085254555,10926837776,10989046168,1.0056931742993966,1198720255848,2286113173848,527789932.0,1758956.0,240143512.0, 
2025-11-02 20:55:51.367077,2326527504,2387069600,1.0260225146257287,13253365280,13376115768,1.0092618354211693,1201046783352,2288500243448,527789932.0,1752160.0,240137212.0, 
2025-11-02 21:00:51.486323,2325017448,2384533216,1.0255979876844348,15578382728,15760648984,1.0116999472398633,1203371800800,2290884776664,527789932.0,1750928.0,240136516.0, 
2025-11-02 21:05:51.589216,2324769712,2384774400,1.0258110245028864,17903152440,18145423384,1.0135323063807862,1205696570512,2293269551064,527789932.0,1744260.0,240130464.0, 
2025-11-02 21:10:51.706830,2325218472,2385905280,1.0260994004351778,20228370912,20531328664,1.0149768734871416,1208021788984,2295655456344,527789932.0,1734920.0,240121496.0, 
2025-11-02 21:15:51.822714,2322847848,2382942720,1.0258712046300158,22551218760,22914271384,1.0160990245300605,1210344636832,2298038399064,527789932.0,1739564.0,240130496.0, 
2025-11-02 21:20:51.942232,2323155736,2383443096,1.0259506321792282,24874374496,25297714480,1.0170191207850503,1212667792568,2300421842160,527789932.0,1753072.0,240145392.0, 
2025-11-02 21:25:52.006285,2322751656,2383214184,1.026030560711825,27197126152,27680928664,1.0177887365487115,1214990544224,2302805056344,527789932.0,1745092.0,240137984.0, 
2025-11-02 21:30:52.126709,2322520608,2383610496,1.0263032705886759,29519646760,30064539160,1.01845863551248,1217313064832,2305188666840,527789932.0,1746904.0,240140152.0, 
2025-11-02 21:35:52.241311,2322265776,2382844192,1.0260859099875914,31841912536,32447383352,1.019014901046395,1219635330608,2307571511032,527789932.0,1734904.0,240128644.0, 
2025-11-02 21:40:52.358612,2322356264,2383181696,1.0261912579662669,34164268800,34830565048,1.0195027223295936,1221957686872,2309954692728,527789932.0,1742540.0,240136764.0, 
2025-11-02 21:45:52.477953,2333352424,2394692784,1.0262885106292028,36497621224,37225257832,1.019936548837915,1224291039296,2312349385512,527789932.0,1731572.0,240126368.0, 
2025-11-02 21:50:52.594802,2330625880,2392318128,1.0264702492705522,38828247104,39617575960,1.020328727533999,1226621665176,2314741703640,527789932.0,1723076.0,240118344.0, 
2025-11-02 21:55:52.714726,2328691360,2389993344,1.0263246495662697,41156938464,42007569304,1.0206679814326822,1228950356536,2317131696984,527789932.0,1733280.0,240128968.0, 
2025-11-02 22:00:52.833873,2326140032,2387709920,1.0264686936955651,43483078496,44395279224,1.0209782922357697,1231276496568,2319519406904,527789932.0,1735136.0,240131324.0, 
2025-11-02 22:05:52.950707,2326580840,2388331168,1.0265412346471485,45809659336,46783610392,1.0212608229381572,1233603077408,2321907738072,527789932.0,1725964.0,240122720.0, 
2025-11-02 22:10:53.070091,2324426112,2386276256,1.026608780412806,48134085448,49169886648,1.0215190792628437,1235927503520,2324294014328,527789932.0,1718904.0,240116116.0, 
2025-11-02 22:15:53.187598,2324311296,2386292288,1.0266663902148845,50458396744,51556178936,1.0217561845567464,1238251814816,2326680306616,527789932.0,1720064.0,240117856.0, 
2025-11-02 22:20:53.306911,2323793200,2385749408,1.0266616702381262,52782189944,53941928344,1.0219721538880906,1240575608016,2329066056024,527789932.0,1727836.0,240126124.0, 
2025-11-02 22:25:53.367025,2321928096,2383829384,1.026659433643375,55104118040,56325757728,1.0221696622948073,1242897536112,2331449885408,527789932.0,1699500.0,240106768.0, 
2025-11-02 22:30:53.486408,2323113960,2385089528,1.0266777993103704,57427232000,58710847256,1.022352030757812,1245220650072,2333834974936,527789932.0,1700364.0,240108100.0, 
2025-11-02 22:35:53.606694,2322800416,2384908544,1.0267384694665045,59750032416,61095755800,1.0225225548771357,1247543450488,2336219883480,527789932.0,1704012.0,240112220.0, 
2025-11-02 22:40:53.726757,2321521640,2383740288,1.02680080466534,62071554056,63479496088,1.0226825645565403,1249864972128,2338603623768,527789932.0,1705860.0,240114552.0, 
2025-11-02 22:45:53.846686,2320526400,2382799616,1.0268358144945045,64392080456,65862295704,1.0228322370948182,1252185498528,2340986423384,527789932.0,1697900.0,240107096.0, 
2025-11-02 22:50:53.966058,2325959016,2388553600,1.0269113013468505,66718039472,68250849304,1.0229744435557535,1254511457544,2343374976984,527789932.0,2495828.0,240098840.0, 
2025-11-02 22:55:54.078570,2335165720,2398101888,1.026951478201727,69053205192,70648951192,1.0231089345608664,1256846623264,2345773078872,527789932.0,2515896.0,240119156.0, 
2025-11-02 23:00:54.198071,2333738704,2397965536,1.0275210039109846,71386943896,73046916728,1.023253171258015,1259180361968,2348171044408,527789932.0,2518864.0,240122716.0, 
2025-11-02 23:05:54.314977,2332558088,2396484192,1.027406007305401,73719501984,75443400920,1.0233845711054064,1261512920056,2350567528600,527789932.0,2524784.0,240129264.0, 
2025-11-02 23:10:54.433904,2330625976,2394403240,1.0273648644856603,76050127960,77837804160,1.0235065508494643,1263843546032,2352961931840,527789932.0,2525852.0,240130836.0, 
2025-11-02 23:15:54.552400,2328866544,2392902424,1.0274965863393846,78378994504,80230706584,1.0236251063402644,1266172412576,2355354834264,527789932.0,2525596.0,240131084.0, 
2025-11-02 23:20:54.666831,1621005496,1665321984,1.0273388881835106,80000000000,81896028568,1.0237003571,1267793418072,2357020156248,527789932.0,2514188.0,240120232.0, 